{
  "1h": {
    "sma": {
      "best_return": 3.7825458968469876,
      "best_params": {
        "long_window": 1152,
        "threshold": 0.02,
        "min_length": 288,
        "min_intensity": 0.05,
        "prefix": "sma_1h"
      },
      "backtest": {
        "sharpe_ratio": 0.6584712107240036,
        "max_drawdown": -0.15798568780056987,
        "win_rate": 0.4786056253740275
      }
    },
    "zigzag": {
      "best_return": 0.49706441581237915,
      "best_params": {
        "threshold": 0.05,
        "min_length": 288,
        "prefix": "zigzag_1h"
      },
      "backtest": {
        "sharpe_ratio": 0.23930434254438218,
        "max_drawdown": -0.1432515100995864,
        "win_rate": 0.4913973668461999
      }
    },
    "directional": {
      "best_return": 6.066772838734918,
      "best_params": {
        "lookback": 72,
        "min_same_direction": 0.55,
        "min_length": 48,
        "prefix": "directional_1h"
      },
      "backtest": {
        "sharpe_ratio": 1.0842865992193338,
        "max_drawdown": -0.10376855063738218,
        "win_rate": 0.5187013764213046
      }
    }
  }
}