{
  "1h": {
    "sma": {
      "best_return": 8.030932904870983,
      "best_params": {
        "long_window": 576,
        "threshold": 0.01,
        "min_length": 288,
        "min_intensity": 0.05,
        "prefix": "sma_1h"
      },
      "backtest": {
        "sharpe_ratio": 1.0440559052929987,
        "max_drawdown": -0.10414573492603289,
        "win_rate": 0.5109964093357271
      }
    },
    "zigzag": {
      "best_return": 0.45895982877845887,
      "best_params": {
        "threshold": 0.05,
        "min_length": 72,
        "prefix": "zigzag_1h"
      },
      "backtest": {
        "sharpe_ratio": 0.2373794180104957,
        "max_drawdown": -0.18455672777382554,
        "win_rate": 0.49236983842010773
      }
    },
    "directional": {
      "best_return": 6.066772838734918,
      "best_params": {
        "lookback": 72,
        "min_same_direction": 0.55,
        "min_length": 48,
        "prefix": "directional_1h"
      },
      "backtest": {
        "sharpe_ratio": 1.0842865992193338,
        "max_drawdown": -0.10376855063738218,
        "win_rate": 0.5187013764213046
      }
    }
  }
}